{
    "input_path": "./image\\190020_ann1.jpg",
    "page_index": null,
    "class_ids": [
        11,
        10,
        24,
        21,
        23,
        19,
        20,
        1,
        25,
        15,
        17,
        22,
        18,
        16,
        0,
        3,
        5,
        14,
        9,
        6,
        12,
        2,
        7,
        13,
        4,
        8
    ],
    "scores": [
        0.99596,
        0.99488,
        0.5328,
        0.47318,
        0.3803,
        0.34456,
        0.0934,
        0.07811,
        0.05724,
        0.04746,
        0.03991,
        0.02165,
        0.02119,
        0.0191,
        0.01344,
        0.01202,
        0.00913,
        0.00738,
        0.0049,
        0.00441,
        0.00379,
        0.00289,
        0.00266,
        0.00103,
        0.00094,
        0.00093
    ],
    "label_names": [
        "Trousers(长裤)",
        "LongCoat(长外套)",
        "Side(侧面)",
        "AgeOver60(年龄大于60岁)",
        "Front(面朝前)",
        "AgeLess18(年龄小于18岁)",
        "Age18-60(年龄在18-60岁之间)",
        "Glasses(眼镜)",
        "Back(背面)",
        "HandBag(手提包)",
        "Backpack(背包)",
        "Female(女性)",
        "HoldObjectsInFront(手持物品在前)",
        "ShoulderBag(单肩包)",
        "Hat(帽子)",
        "LongSleeve(长袖)",
        "UpperLogo(上衣有标志)",
        "Boots(靴子)",
        "LowerPattern(裤子图案)",
        "UpperPlaid(上衣格子)",
        "Shorts(短裤)",
        "ShortSleeve(短袖)",
        "UpperSplice(上衣拼接)",
        "Skirt&Dress(裙子或连衣裙)",
        "UpperStride(上衣条纹)",
        "LowerStripe(裤子条纹)"
    ]
}