{
    "input_path": "./image\\190001_ann0.jpg",
    "page_index": null,
    "class_ids": [
        22,
        16,
        11,
        20,
        23,
        1,
        10,
        24,
        3,
        0,
        19,
        5,
        18,
        21,
        14,
        25,
        7,
        15,
        2,
        4,
        9,
        6,
        12,
        8,
        13,
        17
    ],
    "scores": [
        0.99993,
        0.99429,
        0.99227,
        0.98029,
        0.9182,
        0.36169,
        0.27037,
        0.14426,
        0.09136,
        0.04055,
        0.01556,
        0.00244,
        0.00236,
        0.00234,
        0.00231,
        0.0011,
        0.00093,
        0.00091,
        0.00091,
        0.00071,
        0.00069,
        0.00064,
        0.00059,
        0.0001,
        3e-05,
        1e-05
    ],
    "label_names": [
        "Female(女性)",
        "ShoulderBag(单肩包)",
        "Trousers(长裤)",
        "Age18-60(年龄在18-60岁之间)",
        "Front(面朝前)",
        "Glasses(眼镜)",
        "LongCoat(长外套)",
        "Side(侧面)",
        "LongSleeve(长袖)",
        "Hat(帽子)",
        "AgeLess18(年龄小于18岁)",
        "UpperLogo(上衣有标志)",
        "HoldObjectsInFront(手持物品在前)",
        "AgeOver60(年龄大于60岁)",
        "Boots(靴子)",
        "Back(背面)",
        "UpperSplice(上衣拼接)",
        "HandBag(手提包)",
        "ShortSleeve(短袖)",
        "UpperStride(上衣条纹)",
        "LowerPattern(裤子图案)",
        "UpperPlaid(上衣格子)",
        "Shorts(短裤)",
        "LowerStripe(裤子条纹)",
        "Skirt&Dress(裙子或连衣裙)",
        "Backpack(背包)"
    ]
}