{
    "input_path": "./image\\190024_ann1.jpg",
    "page_index": null,
    "class_ids": [
        11,
        23,
        20,
        10,
        1,
        18,
        22,
        3,
        5,
        19,
        24,
        0,
        21,
        8,
        17,
        16,
        4,
        6,
        9,
        7,
        25,
        12,
        2,
        14,
        13,
        15
    ],
    "scores": [
        0.99754,
        0.9884,
        0.93983,
        0.52274,
        0.23493,
        0.21532,
        0.16663,
        0.08921,
        0.07242,
        0.02275,
        0.0089,
        0.0079,
        0.0053,
        0.00349,
        0.00309,
        0.0025,
        0.00144,
        0.00107,
        0.00096,
        0.0009,
        0.00067,
        0.00058,
        0.00057,
        0.00046,
        0.00011,
        7e-05
    ],
    "label_names": [
        "Trousers(长裤)",
        "Front(面朝前)",
        "Age18-60(年龄在18-60岁之间)",
        "LongCoat(长外套)",
        "Glasses(眼镜)",
        "HoldObjectsInFront(手持物品在前)",
        "Female(女性)",
        "LongSleeve(长袖)",
        "UpperLogo(上衣有标志)",
        "AgeLess18(年龄小于18岁)",
        "Side(侧面)",
        "Hat(帽子)",
        "AgeOver60(年龄大于60岁)",
        "LowerStripe(裤子条纹)",
        "Backpack(背包)",
        "ShoulderBag(单肩包)",
        "UpperStride(上衣条纹)",
        "UpperPlaid(上衣格子)",
        "LowerPattern(裤子图案)",
        "UpperSplice(上衣拼接)",
        "Back(背面)",
        "Shorts(短裤)",
        "ShortSleeve(短袖)",
        "Boots(靴子)",
        "Skirt&Dress(裙子或连衣裙)",
        "HandBag(手提包)"
    ]
}