{
    "input_path": "./image\\190036_ann1.jpg",
    "page_index": null,
    "class_ids": [
        20,
        23,
        11,
        1,
        10,
        18,
        3,
        0,
        16,
        5,
        22,
        4,
        24,
        7,
        14,
        25,
        6,
        9,
        19,
        2,
        12,
        8,
        21,
        13,
        17,
        15
    ],
    "scores": [
        0.99974,
        0.99802,
        0.97324,
        0.93757,
        0.90781,
        0.83355,
        0.26671,
        0.15266,
        0.13599,
        0.09975,
        0.01281,
        0.00335,
        0.00121,
        0.00109,
        0.00107,
        0.00087,
        0.00086,
        0.00073,
        0.0006,
        0.00051,
        0.0004,
        0.00034,
        0.00015,
        7e-05,
        5e-05,
        1e-05
    ],
    "label_names": [
        "Age18-60(年龄在18-60岁之间)",
        "Front(面朝前)",
        "Trousers(长裤)",
        "Glasses(眼镜)",
        "LongCoat(长外套)",
        "HoldObjectsInFront(手持物品在前)",
        "LongSleeve(长袖)",
        "Hat(帽子)",
        "ShoulderBag(单肩包)",
        "UpperLogo(上衣有标志)",
        "Female(女性)",
        "UpperStride(上衣条纹)",
        "Side(侧面)",
        "UpperSplice(上衣拼接)",
        "Boots(靴子)",
        "Back(背面)",
        "UpperPlaid(上衣格子)",
        "LowerPattern(裤子图案)",
        "AgeLess18(年龄小于18岁)",
        "ShortSleeve(短袖)",
        "Shorts(短裤)",
        "LowerStripe(裤子条纹)",
        "AgeOver60(年龄大于60岁)",
        "Skirt&Dress(裙子或连衣裙)",
        "Backpack(背包)",
        "HandBag(手提包)"
    ]
}