{
    "input_path": "./image\\190042_ann1.jpg",
    "page_index": null,
    "class_ids": [
        11,
        10,
        22,
        23,
        20,
        25,
        21,
        19,
        18,
        1,
        15,
        24,
        17,
        3,
        0,
        14,
        13,
        9,
        16,
        2,
        12,
        8,
        4,
        6,
        7,
        5
    ],
    "scores": [
        0.99808,
        0.99393,
        0.95847,
        0.78321,
        0.70949,
        0.36755,
        0.06045,
        0.05125,
        0.01864,
        0.01722,
        0.01281,
        0.00589,
        0.00576,
        0.00509,
        0.00488,
        0.00355,
        0.00186,
        0.00119,
        0.0011,
        0.00108,
        0.00074,
        0.00074,
        0.00071,
        0.00065,
        0.00039,
        6e-05
    ],
    "label_names": [
        "Trousers(长裤)",
        "LongCoat(长外套)",
        "Female(女性)",
        "Front(面朝前)",
        "Age18-60(年龄在18-60岁之间)",
        "Back(背面)",
        "AgeOver60(年龄大于60岁)",
        "AgeLess18(年龄小于18岁)",
        "HoldObjectsInFront(手持物品在前)",
        "Glasses(眼镜)",
        "HandBag(手提包)",
        "Side(侧面)",
        "Backpack(背包)",
        "LongSleeve(长袖)",
        "Hat(帽子)",
        "Boots(靴子)",
        "Skirt&Dress(裙子或连衣裙)",
        "LowerPattern(裤子图案)",
        "ShoulderBag(单肩包)",
        "ShortSleeve(短袖)",
        "Shorts(短裤)",
        "LowerStripe(裤子条纹)",
        "UpperStride(上衣条纹)",
        "UpperPlaid(上衣格子)",
        "UpperSplice(上衣拼接)",
        "UpperLogo(上衣有标志)"
    ]
}