{
    "input_path": "./image\\190042_ann0.jpg",
    "page_index": null,
    "class_ids": [
        11,
        23,
        10,
        22,
        20,
        17,
        15,
        21,
        0,
        16,
        1,
        24,
        19,
        18,
        14,
        3,
        2,
        25,
        13,
        9,
        12,
        6,
        7,
        5,
        8,
        4
    ],
    "scores": [
        0.99919,
        0.99615,
        0.99424,
        0.97999,
        0.88919,
        0.12618,
        0.10922,
        0.09967,
        0.08849,
        0.06375,
        0.02265,
        0.01637,
        0.0118,
        0.00649,
        0.00433,
        0.00341,
        0.00219,
        0.00187,
        0.00182,
        0.00177,
        0.0012,
        0.00088,
        0.00077,
        0.00058,
        0.00058,
        0.00046
    ],
    "label_names": [
        "Trousers(长裤)",
        "Front(面朝前)",
        "LongCoat(长外套)",
        "Female(女性)",
        "Age18-60(年龄在18-60岁之间)",
        "Backpack(背包)",
        "HandBag(手提包)",
        "AgeOver60(年龄大于60岁)",
        "Hat(帽子)",
        "ShoulderBag(单肩包)",
        "Glasses(眼镜)",
        "Side(侧面)",
        "AgeLess18(年龄小于18岁)",
        "HoldObjectsInFront(手持物品在前)",
        "Boots(靴子)",
        "LongSleeve(长袖)",
        "ShortSleeve(短袖)",
        "Back(背面)",
        "Skirt&Dress(裙子或连衣裙)",
        "LowerPattern(裤子图案)",
        "Shorts(短裤)",
        "UpperPlaid(上衣格子)",
        "UpperSplice(上衣拼接)",
        "UpperLogo(上衣有标志)",
        "LowerStripe(裤子条纹)",
        "UpperStride(上衣条纹)"
    ]
}