{
    "input_path": "./image\\190010_ann0.jpg",
    "page_index": null,
    "class_ids": [
        11,
        23,
        20,
        10,
        18,
        0,
        5,
        24,
        1,
        22,
        21,
        3,
        25,
        19,
        15,
        9,
        17,
        6,
        7,
        14,
        4,
        12,
        2,
        16,
        13,
        8
    ],
    "scores": [
        0.99501,
        0.99019,
        0.98994,
        0.98349,
        0.36105,
        0.14072,
        0.07394,
        0.02644,
        0.01782,
        0.01266,
        0.00842,
        0.00654,
        0.00092,
        0.00082,
        0.00035,
        0.00031,
        0.00027,
        0.00027,
        0.00024,
        0.0002,
        0.00019,
        0.00018,
        0.00014,
        6e-05,
        5e-05,
        4e-05
    ],
    "label_names": [
        "Trousers(长裤)",
        "Front(面朝前)",
        "Age18-60(年龄在18-60岁之间)",
        "LongCoat(长外套)",
        "HoldObjectsInFront(手持物品在前)",
        "Hat(帽子)",
        "UpperLogo(上衣有标志)",
        "Side(侧面)",
        "Glasses(眼镜)",
        "Female(女性)",
        "AgeOver60(年龄大于60岁)",
        "LongSleeve(长袖)",
        "Back(背面)",
        "AgeLess18(年龄小于18岁)",
        "HandBag(手提包)",
        "LowerPattern(裤子图案)",
        "Backpack(背包)",
        "UpperPlaid(上衣格子)",
        "UpperSplice(上衣拼接)",
        "Boots(靴子)",
        "UpperStride(上衣条纹)",
        "Shorts(短裤)",
        "ShortSleeve(短袖)",
        "ShoulderBag(单肩包)",
        "Skirt&Dress(裙子或连衣裙)",
        "LowerStripe(裤子条纹)"
    ]
}