{
    "input_path": "./image\\190006_ann0.jpg",
    "page_index": null,
    "class_ids": [
        11,
        20,
        24,
        0,
        3,
        1,
        16,
        22,
        10,
        5,
        25,
        23,
        19,
        17,
        21,
        18,
        13,
        12,
        6,
        2,
        9,
        7,
        8,
        4,
        15,
        14
    ],
    "scores": [
        0.99931,
        0.99621,
        0.99515,
        0.85303,
        0.76499,
        0.73775,
        0.72873,
        0.56385,
        0.08108,
        0.02021,
        0.00676,
        0.00537,
        0.00421,
        0.00411,
        0.00327,
        0.0022,
        0.00079,
        0.00071,
        0.0006,
        0.0006,
        0.00054,
        0.00043,
        0.00042,
        0.00039,
        0.00037,
        0.00023
    ],
    "label_names": [
        "Trousers(长裤)",
        "Age18-60(年龄在18-60岁之间)",
        "Side(侧面)",
        "Hat(帽子)",
        "LongSleeve(长袖)",
        "Glasses(眼镜)",
        "ShoulderBag(单肩包)",
        "Female(女性)",
        "LongCoat(长外套)",
        "UpperLogo(上衣有标志)",
        "Back(背面)",
        "Front(面朝前)",
        "AgeLess18(年龄小于18岁)",
        "Backpack(背包)",
        "AgeOver60(年龄大于60岁)",
        "HoldObjectsInFront(手持物品在前)",
        "Skirt&Dress(裙子或连衣裙)",
        "Shorts(短裤)",
        "UpperPlaid(上衣格子)",
        "ShortSleeve(短袖)",
        "LowerPattern(裤子图案)",
        "UpperSplice(上衣拼接)",
        "LowerStripe(裤子条纹)",
        "UpperStride(上衣条纹)",
        "HandBag(手提包)",
        "Boots(靴子)"
    ]
}